AIR,AIR
ALT,ALT
AOD,AOD
AOT,AOT
ATC,ATC
BI,BI
CCC,CCC
CCPSS,CCPSS
CCS,CCS
CCS_10,CCS_10
CDT,CDT
CHV,CHV
COSTAR,COSTAR
CPM,CPM
CPT,CPT
CPTSP,CPTSP
CSP,CSP
CST,CST
CVX,CVX
DDB,DDB
DMDICD10,DMDICD10
DMDUMD,DMDUMD
DRUGBANK,DRUGBANK
DSM-5,DSM-5
DXP,DXP
FMA,FMA
GO,GO
GS,GS
HCDT,HCDT
HCPCS,HCPCS
HCPT,HCPT
HGNC,HGNC
HL7V2.5,HL7V25
HL7V3.0,HL7V30
HLREL,HLREL
HPO,HPO
ICD10,ICD10
ICD10AE,ICD10AE
ICD10AM,ICD10AM
ICD10AMAE,ICD10AMAE
ICD10CM,ICD10CM
ICD10DUT,ICD10DUT
ICD10PCS,ICD10PCS
ICD9CM,ICD9CM
ICF,ICF
ICF-CY,ICF-CY
ICNP,ICNP
ICPC,ICPC
ICPC2EDUT,ICPC2EDUT
ICPC2EENG,ICPC2EENG
ICPC2ICD10DUT,ICPC2ICD10DUT
ICPC2ICD10ENG,ICPC2ICD10ENG
ICPC2P,ICPC2P
ICPCBAQ,ICPCBAQ
ICPCDAN,ICPCDAN
ICPCDUT,ICPCDUT
ICPCFIN,ICPCFIN
ICPCFRE,ICPCFRE
ICPCGER,ICPCGER
ICPCHEB,ICPCHEB
ICPCHUN,ICPCHUN
ICPCITA,ICPCITA
ICPCNOR,ICPCNOR
ICPCPOR,ICPCPOR
ICPCSPA,ICPCSPA
ICPCSWE,ICPCSWE
JABL,JABL
KCD5,KCD5
LCH,LCH
LCH_NW,LCH_NW
LNC,LNC
LNC-DE-AT,LNC-DE-AT
LNC-DE-CH,LNC-DE-CH
LNC-DE-DE,LNC-DE-DE
LNC-EL-GR,LNC-EL-GR
LNC-ES-AR,LNC-ES-AR
LNC-ES-CH,LNC-ES-CH
LNC-ES-ES,LNC-ES-ES
LNC-ET-EE,LNC-ET-EE
LNC-FR-BE,LNC-FR-BE
LNC-FR-CA,LNC-FR-CA
LNC-FR-CH,LNC-FR-CH
LNC-FR-FR,LNC-FR-FR
LNC-IT-CH,LNC-IT-CH
LNC-IT-IT,LNC-IT-IT
LNC-KO-KR,LNC-KO-KR
LNC-NL-NL,LNC-NL-NL
LNC-PT-BR,LNC-PT-BR
LNC-RU-RU,LNC-RU-RU
LNC-TR-TR,LNC-TR-TR
LNC-ZH-CN,LNC-ZH-CN
MCM,MCM
MDDB,MDDB
MDR,MDR
MDRCZE,MDRCZE
MDRDUT,MDRDUT
MDRFRE,MDRFRE
MDRGER,MDRGER
MDRHUN,MDRHUN
MDRITA,MDRITA
MDRJPN,MDRJPN
MDRPOR,MDRPOR
MDRSPA,MDRSPA
MEDCIN,MEDCIN
MEDLINEPLUS,MEDLINEPLUS
MMSL,MMSL
MMX,MMX
MSH,MSH
MSHCZE,MSHCZE
MSHDUT,MSHDUT
MSHFIN,MSHFIN
MSHFRE,MSHFRE
MSHGER,MSHGER
MSHITA,MSHITA
MSHJPN,MSHJPN
MSHLAV,MSHLAV
MSHNOR,MSHNOR
MSHPOL,MSHPOL
MSHPOR,MSHPOR
MSHRUS,MSHRUS
MSHSCR,MSHSCR
MSHSPA,MSHSPA
MSHSWE,MSHSWE
MTH,MTH
MTHCMSFRF,MTHCMSFRF
MTHHH,MTHHH
MTHICD9,MTHICD9
MTHICPC2EAE,MTHICPC2EAE
MTHICPC2ICD10AE,MTHICPC2ICD10AE
MTHMST,MTHMST
MTHMSTFRE,MTHMSTFRE
MTHMSTITA,MTHMSTITA
MTHSPL,MTHSPL
MVX,MVX
NANDA-I,NANDA-I
NCBI,NCBI
NCI,NCI
NCISEER,NCISEER
NCI_BRIDG,NCI_BRIDG
NCI_BioC,NCI_BioC
NCI_CDC,NCI_CARELEX
NCI_CDISC,NCI_CDC
NCI_CRCH,NCI_CDISC
NCI_CTCAE,NCI_CRCH
NCI_CTEP-SDC,NCI_CTCAE
NCI_CareLex,NCI_CTEP-SDC
NCI_DCP,NCI_DCP
NCI_DICOM,NCI_DICOM
NCI_DTP,NCI_DTP
NCI_FDA,NCI_FDA
NCI_GAIA,NCI_GAIA
NCI_GENC,NCI_GENC
NCI_ICH,NCI_ICH
NCI_JAX,NCI_JAX
NCI_KEGG,NCI_KEGG
NCI_NCI-GLOSS,NCI_NCI-GLOSS
NCI_NCI-HL7,NCI_NCI-HL7
NCI_NCPDP,NCI_NCPDP
NCI_NICHD,NCI_NICHD
NCI_PI-RADS,NCI_PI-RADS
NCI_PID,NCI_PID
NCI_RENI,NCI_RENI
NCI_UCUM,NCI_UCUM
NCI_ZFin,NCI_ZFin
NDDF,NDDF
NDFRT,NDFRT
NDFRT_FDASPL,NDFRT_FDASPL
NDFRT_FMTSME,NDFRT_FMTSME
NEU,NEU
NIC,NIC
NOC,NOC
NUCCPT,NUCCPT
OMIM,OMIM
OMS,OMS
PCDS,PCDS
PDQ,PDQ
PNDS,PNDS
PPAC,PPAC
PSY,PSY
QMR,QMR
RAM,RAM
RCD,RCD
RCDAE,RCDAE
RCDSA,RCDSA
RCDSY,RCDSY
RXNORM,RXNORM
SCTSPA,SCTSPA
SNM,SNM
SNMI,SNMI
SNOMEDCT_US,SNOMEDCT_US
SNOMEDCT_VET,SNOMEDCT_VET
SOP,SOP
SPN,SPN
SRC,SRC
TKMT,TKMT
ULT,ULT
UMD,UMD
USPMG,USPMG
UWDA,UWDA
VANDF,VANDF
WHO,WHO
WHOFRE,WHOFRE
WHOGER,WHOGER
WHOPOR,WHOPOR
WHOSPA,WHOSPA
